time_in_US,yrimmig_est,constant,timeUS_adj,yrimm_adj,adjustment,adjustment_capped
0,1971,.64070064,0,0,.64070064,.64070064
1,1971,.64070064,.37388834,0,1.014589,1
2,1971,.64070064,.72646868,0,1.3671694,1
3,1971,.64070064,.61070395,0,1.2514045,1
4,1971,.64070064,.58673352,0,1.2274342,1
5,1971,.64070064,.55403966,0,1.1947403,1
6,1971,.64070064,.59103948,0,1.2317401,1
7,1971,.64070064,.59744465,0,1.2381454,1
8,1971,.64070064,.56513602,0,1.2058367,1
9,1971,.64070064,.61914712,0,1.2598478,1
10,1971,.64070064,.51983696,0,1.1605376,1
11,1971,.64070064,.64320952,0,1.2839102,1
12,1971,.64070064,.59495008,0,1.2356508,1
13,1971,.64070064,.58372527,0,1.2244259,1
14,1971,.64070064,.58822393,0,1.2289245,1
15,1971,.64070064,.56357592,0,1.2042766,1
16,1971,.64070064,.60242528,0,1.2431259,1
17,1971,.64070064,.58379775,0,1.2244984,1
18,1971,.64070064,.56637985,0,1.2070805,1
19,1971,.64070064,.61414611,0,1.2548468,1
20,1971,.64070064,.52070755,0,1.1614082,1
21,1971,.64070064,.63150889,0,1.2722095,1
22,1971,.64070064,.58436596,0,1.2250667,1
23,1971,.64070064,.5662691,0,1.2069697,1
24,1971,.64070064,.57828248,0,1.2189832,1
25,1971,.64070064,.54290146,0,1.1836021,1
26,1971,.64070064,.5617075,0,1.2024081,1
27,1971,.64070064,.55467004,0,1.1953707,1
28,1971,.64070064,.54914731,0,1.1898479,1
29,1971,.64070064,.56268519,0,1.2033858,1
0,1972,.64070064,0,-.23525138,.40544927,.40544927
1,1972,.64070064,.37388834,-.23525138,.77933758,.77933758
2,1972,.64070064,.72646868,-.23525138,1.131918,1
3,1972,.64070064,.61070395,-.23525138,1.0161532,1
4,1972,.64070064,.58673352,-.23525138,.99218279,.99218279
5,1972,.64070064,.55403966,-.23525138,.95948893,.95948893
6,1972,.64070064,.59103948,-.23525138,.99648875,.99648875
7,1972,.64070064,.59744465,-.23525138,1.0028939,1
8,1972,.64070064,.56513602,-.23525138,.97058529,.97058529
9,1972,.64070064,.61914712,-.23525138,1.0245963,1
10,1972,.64070064,.51983696,-.23525138,.92528623,.92528623
11,1972,.64070064,.64320952,-.23525138,1.0486587,1
12,1972,.64070064,.59495008,-.23525138,1.0003994,1
13,1972,.64070064,.58372527,-.23525138,.98917454,.98917454
14,1972,.64070064,.58822393,-.23525138,.99367321,.99367321
15,1972,.64070064,.56357592,-.23525138,.96902519,.96902519
16,1972,.64070064,.60242528,-.23525138,1.0078745,1
17,1972,.64070064,.58379775,-.23525138,.98924702,.98924702
18,1972,.64070064,.56637985,-.23525138,.97182912,.97182912
19,1972,.64070064,.61414611,-.23525138,1.0195954,1
20,1972,.64070064,.52070755,-.23525138,.92615682,.92615682
21,1972,.64070064,.63150889,-.23525138,1.0369581,1
22,1972,.64070064,.58436596,-.23525138,.98981524,.98981524
23,1972,.64070064,.5662691,-.23525138,.97171837,.97171837
24,1972,.64070064,.57828248,-.23525138,.98373175,.98373175
25,1972,.64070064,.54290146,-.23525138,.94835073,.94835073
26,1972,.64070064,.5617075,-.23525138,.96715677,.96715677
27,1972,.64070064,.55467004,-.23525138,.96011931,.96011931
28,1972,.64070064,.54914731,-.23525138,.95459658,.95459658
29,1972,.64070064,.56268519,-.23525138,.96813446,.96813446
0,1973,.64070064,0,-.061134122,.57956654,.57956654
1,1973,.64070064,.37388834,-.061134122,.95345485,.95345485
2,1973,.64070064,.72646868,-.061134122,1.3060352,1
3,1973,.64070064,.61070395,-.061134122,1.1902704,1
4,1973,.64070064,.58673352,-.061134122,1.1663001,1
5,1973,.64070064,.55403966,-.061134122,1.1336062,1
6,1973,.64070064,.59103948,-.061134122,1.170606,1
7,1973,.64070064,.59744465,-.061134122,1.1770111,1
8,1973,.64070064,.56513602,-.061134122,1.1447026,1
9,1973,.64070064,.61914712,-.061134122,1.1987137,1
10,1973,.64070064,.51983696,-.061134122,1.0994035,1
11,1973,.64070064,.64320952,-.061134122,1.2227761,1
12,1973,.64070064,.59495008,-.061134122,1.1745166,1
13,1973,.64070064,.58372527,-.061134122,1.1632918,1
14,1973,.64070064,.58822393,-.061134122,1.1677904,1
15,1973,.64070064,.56357592,-.061134122,1.1431425,1
16,1973,.64070064,.60242528,-.061134122,1.1819918,1
17,1973,.64070064,.58379775,-.061134122,1.1633643,1
18,1973,.64070064,.56637985,-.061134122,1.1459464,1
19,1973,.64070064,.61414611,-.061134122,1.1937126,1
20,1973,.64070064,.52070755,-.061134122,1.1002741,1
21,1973,.64070064,.63150889,-.061134122,1.2110754,1
22,1973,.64070064,.58436596,-.061134122,1.1639324,1
23,1973,.64070064,.5662691,-.061134122,1.1458356,1
24,1973,.64070064,.57828248,-.061134122,1.157849,1
25,1973,.64070064,.54290146,-.061134122,1.122468,1
26,1973,.64070064,.5617075,-.061134122,1.141274,1
27,1973,.64070064,.55467004,-.061134122,1.1342366,1
28,1973,.64070064,.54914731,-.061134122,1.1287138,1
29,1973,.64070064,.56268519,-.061134122,1.1422517,1
0,1974,.64070064,0,-.1626133,.47808734,.47808734
1,1974,.64070064,.37388834,-.1626133,.85197568,.85197568
2,1974,.64070064,.72646868,-.1626133,1.204556,1
3,1974,.64070064,.61070395,-.1626133,1.0887913,1
4,1974,.64070064,.58673352,-.1626133,1.0648209,1
5,1974,.64070064,.55403966,-.1626133,1.032127,1
6,1974,.64070064,.59103948,-.1626133,1.0691268,1
7,1974,.64070064,.59744465,-.1626133,1.075532,1
8,1974,.64070064,.56513602,-.1626133,1.0432234,1
9,1974,.64070064,.61914712,-.1626133,1.0972345,1
10,1974,.64070064,.51983696,-.1626133,.99792433,.99792433
11,1974,.64070064,.64320952,-.1626133,1.1212969,1
12,1974,.64070064,.59495008,-.1626133,1.0730374,1
13,1974,.64070064,.58372527,-.1626133,1.0618126,1
14,1974,.64070064,.58822393,-.1626133,1.0663112,1
15,1974,.64070064,.56357592,-.1626133,1.0416633,1
16,1974,.64070064,.60242528,-.1626133,1.0805126,1
17,1974,.64070064,.58379775,-.1626133,1.0618851,1
18,1974,.64070064,.56637985,-.1626133,1.0444672,1
19,1974,.64070064,.61414611,-.1626133,1.0922334,1
20,1974,.64070064,.52070755,-.1626133,.99879491,.99879491
21,1974,.64070064,.63150889,-.1626133,1.1095963,1
22,1974,.64070064,.58436596,-.1626133,1.0624533,1
23,1974,.64070064,.5662691,-.1626133,1.0443565,1
24,1974,.64070064,.57828248,-.1626133,1.0563698,1
25,1974,.64070064,.54290146,-.1626133,1.0209888,1
26,1974,.64070064,.5617075,-.1626133,1.0397948,1
27,1974,.64070064,.55467004,-.1626133,1.0327574,1
28,1974,.64070064,.54914731,-.1626133,1.0272347,1
29,1974,.64070064,.56268519,-.1626133,1.0407726,1
0,1975,.64070064,0,-.22030084,.42039979,.42039979
1,1975,.64070064,.37388834,-.22030084,.79428816,.79428816
2,1975,.64070064,.72646868,-.22030084,1.1468685,1
3,1975,.64070064,.61070395,-.22030084,1.0311037,1
4,1975,.64070064,.58673352,-.22030084,1.0071334,1
5,1975,.64070064,.55403966,-.22030084,.97443944,.97443944
6,1975,.64070064,.59103948,-.22030084,1.0114393,1
7,1975,.64070064,.59744465,-.22030084,1.0178444,1
8,1975,.64070064,.56513602,-.22030084,.9855358,.9855358
9,1975,.64070064,.61914712,-.22030084,1.039547,1
10,1975,.64070064,.51983696,-.22030084,.94023675,.94023675
11,1975,.64070064,.64320952,-.22030084,1.0636094,1
12,1975,.64070064,.59495008,-.22030084,1.0153499,1
13,1975,.64070064,.58372527,-.22030084,1.0041251,1
14,1975,.64070064,.58822393,-.22030084,1.0086237,1
15,1975,.64070064,.56357592,-.22030084,.98397571,.98397571
16,1975,.64070064,.60242528,-.22030084,1.0228251,1
17,1975,.64070064,.58379775,-.22030084,1.0041976,1
18,1975,.64070064,.56637985,-.22030084,.98677963,.98677963
19,1975,.64070064,.61414611,-.22030084,1.0345459,1
20,1975,.64070064,.52070755,-.22030084,.94110733,.94110733
21,1975,.64070064,.63150889,-.22030084,1.0519087,1
22,1975,.64070064,.58436596,-.22030084,1.0047657,1
23,1975,.64070064,.5662691,-.22030084,.98666888,.98666888
24,1975,.64070064,.57828248,-.22030084,.99868226,.99868226
25,1975,.64070064,.54290146,-.22030084,.96330124,.96330124
26,1975,.64070064,.5617075,-.22030084,.98210728,.98210728
27,1975,.64070064,.55467004,-.22030084,.97506982,.97506982
28,1975,.64070064,.54914731,-.22030084,.96954709,.96954709
29,1975,.64070064,.56268519,-.22030084,.98308498,.98308498
0,1976,.64070064,0,.00090060785,.64160126,.64160126
1,1976,.64070064,.37388834,.00090060785,1.0154896,1
2,1976,.64070064,.72646868,.00090060785,1.3680699,1
3,1976,.64070064,.61070395,.00090060785,1.2523052,1
4,1976,.64070064,.58673352,.00090060785,1.2283348,1
5,1976,.64070064,.55403966,.00090060785,1.1956409,1
6,1976,.64070064,.59103948,.00090060785,1.2326407,1
7,1976,.64070064,.59744465,.00090060785,1.2390459,1
8,1976,.64070064,.56513602,.00090060785,1.2067373,1
9,1976,.64070064,.61914712,.00090060785,1.2607484,1
10,1976,.64070064,.51983696,.00090060785,1.1614382,1
11,1976,.64070064,.64320952,.00090060785,1.2848108,1
12,1976,.64070064,.59495008,.00090060785,1.2365513,1
13,1976,.64070064,.58372527,.00090060785,1.2253265,1
14,1976,.64070064,.58822393,.00090060785,1.2298251,1
15,1976,.64070064,.56357592,.00090060785,1.2051772,1
16,1976,.64070064,.60242528,.00090060785,1.2440265,1
17,1976,.64070064,.58379775,.00090060785,1.225399,1
18,1976,.64070064,.56637985,.00090060785,1.2079811,1
19,1976,.64070064,.61414611,.00090060785,1.2557473,1
20,1976,.64070064,.52070755,.00090060785,1.1623088,1
21,1976,.64070064,.63150889,.00090060785,1.2731102,1
22,1976,.64070064,.58436596,.00090060785,1.2259672,1
23,1976,.64070064,.5662691,.00090060785,1.2078704,1
24,1976,.64070064,.57828248,.00090060785,1.2198837,1
25,1976,.64070064,.54290146,.00090060785,1.1845027,1
26,1976,.64070064,.5617075,.00090060785,1.2033087,1
27,1976,.64070064,.55467004,.00090060785,1.1962713,1
28,1976,.64070064,.54914731,.00090060785,1.1907486,1
29,1976,.64070064,.56268519,.00090060785,1.2042865,1
0,1977,.64070064,0,.11038768,.75108832,.75108832
1,1977,.64070064,.37388834,.11038768,1.1249766,1
2,1977,.64070064,.72646868,.11038768,1.4775569,1
3,1977,.64070064,.61070395,.11038768,1.3617923,1
4,1977,.64070064,.58673352,.11038768,1.3378218,1
5,1977,.64070064,.55403966,.11038768,1.305128,1
6,1977,.64070064,.59103948,.11038768,1.3421278,1
7,1977,.64070064,.59744465,.11038768,1.3485329,1
8,1977,.64070064,.56513602,.11038768,1.3162243,1
9,1977,.64070064,.61914712,.11038768,1.3702354,1
10,1977,.64070064,.51983696,.11038768,1.2709253,1
11,1977,.64070064,.64320952,.11038768,1.3942978,1
12,1977,.64070064,.59495008,.11038768,1.3460383,1
13,1977,.64070064,.58372527,.11038768,1.3348136,1
14,1977,.64070064,.58822393,.11038768,1.3393123,1
15,1977,.64070064,.56357592,.11038768,1.3146642,1
16,1977,.64070064,.60242528,.11038768,1.3535136,1
17,1977,.64070064,.58379775,.11038768,1.3348861,1
18,1977,.64070064,.56637985,.11038768,1.3174682,1
19,1977,.64070064,.61414611,.11038768,1.3652344,1
20,1977,.64070064,.52070755,.11038768,1.2717959,1
21,1977,.64070064,.63150889,.11038768,1.3825972,1
22,1977,.64070064,.58436596,.11038768,1.3354542,1
23,1977,.64070064,.5662691,.11038768,1.3173574,1
24,1977,.64070064,.57828248,.11038768,1.3293707,1
25,1977,.64070064,.54290146,.11038768,1.2939898,1
26,1977,.64070064,.5617075,.11038768,1.3127959,1
27,1977,.64070064,.55467004,.11038768,1.3057584,1
28,1977,.64070064,.54914731,.11038768,1.3002356,1
29,1977,.64070064,.56268519,.11038768,1.3137735,1
0,1978,.64070064,0,-.24365421,.39704645,.39704645
1,1978,.64070064,.37388834,-.24365421,.77093476,.77093476
2,1978,.64070064,.72646868,-.24365421,1.1235151,1
3,1978,.64070064,.61070395,-.24365421,1.0077504,1
4,1978,.64070064,.58673352,-.24365421,.98377997,.98377997
5,1978,.64070064,.55403966,-.24365421,.9510861,.9510861
6,1978,.64070064,.59103948,-.24365421,.98808593,.98808593
7,1978,.64070064,.59744465,-.24365421,.9944911,.9944911
8,1978,.64070064,.56513602,-.24365421,.96218246,.96218246
9,1978,.64070064,.61914712,-.24365421,1.0161935,1
10,1978,.64070064,.51983696,-.24365421,.91688341,.91688341
11,1978,.64070064,.64320952,-.24365421,1.0402559,1
12,1978,.64070064,.59495008,-.24365421,.99199653,.99199653
13,1978,.64070064,.58372527,-.24365421,.98077172,.98077172
14,1978,.64070064,.58822393,-.24365421,.98527038,.98527038
15,1978,.64070064,.56357592,-.24365421,.96062237,.96062237
16,1978,.64070064,.60242528,-.24365421,.99947172,.99947172
17,1978,.64070064,.58379775,-.24365421,.9808442,.9808442
18,1978,.64070064,.56637985,-.24365421,.96342629,.96342629
19,1978,.64070064,.61414611,-.24365421,1.0111926,1
20,1978,.64070064,.52070755,-.24365421,.91775399,.91775399
21,1978,.64070064,.63150889,-.24365421,1.0285553,1
22,1978,.64070064,.58436596,-.24365421,.98141241,.98141241
23,1978,.64070064,.5662691,-.24365421,.96331555,.96331555
24,1978,.64070064,.57828248,-.24365421,.97532892,.97532892
25,1978,.64070064,.54290146,-.24365421,.9399479,.9399479
26,1978,.64070064,.5617075,-.24365421,.95875394,.95875394
27,1978,.64070064,.55467004,-.24365421,.95171648,.95171648
28,1978,.64070064,.54914731,-.24365421,.94619375,.94619375
29,1978,.64070064,.56268519,-.24365421,.95973164,.95973164
0,1979,.64070064,0,-.45448965,.18621099,.18621099
1,1979,.64070064,.37388834,-.45448965,.56009936,.56009936
2,1979,.64070064,.72646868,-.45448965,.91267967,.91267967
3,1979,.64070064,.61070395,-.45448965,.79691494,.79691494
4,1979,.64070064,.58673352,-.45448965,.77294451,.77294451
5,1979,.64070064,.55403966,-.45448965,.74025065,.74025065
6,1979,.64070064,.59103948,-.45448965,.77725047,.77725047
7,1979,.64070064,.59744465,-.45448965,.78365564,.78365564
8,1979,.64070064,.56513602,-.45448965,.75134701,.75134701
9,1979,.64070064,.61914712,-.45448965,.80535811,.80535811
10,1979,.64070064,.51983696,-.45448965,.70604795,.70604795
11,1979,.64070064,.64320952,-.45448965,.82942051,.82942051
12,1979,.64070064,.59495008,-.45448965,.78116107,.78116107
13,1979,.64070064,.58372527,-.45448965,.76993626,.76993626
14,1979,.64070064,.58822393,-.45448965,.77443492,.77443492
15,1979,.64070064,.56357592,-.45448965,.74978691,.74978691
16,1979,.64070064,.60242528,-.45448965,.78863627,.78863627
17,1979,.64070064,.58379775,-.45448965,.77000874,.77000874
18,1979,.64070064,.56637985,-.45448965,.75259084,.75259084
19,1979,.64070064,.61414611,-.45448965,.8003571,.8003571
20,1979,.64070064,.52070755,-.45448965,.70691854,.70691854
21,1979,.64070064,.63150889,-.45448965,.81771988,.81771988
22,1979,.64070064,.58436596,-.45448965,.77057695,.77057695
23,1979,.64070064,.5662691,-.45448965,.75248009,.75248009
24,1979,.64070064,.57828248,-.45448965,.76449347,.76449347
25,1979,.64070064,.54290146,-.45448965,.72911245,.72911245
26,1979,.64070064,.5617075,-.45448965,.74791849,.74791849
27,1979,.64070064,.55467004,-.45448965,.74088103,.74088103
28,1979,.64070064,.54914731,-.45448965,.7353583,.7353583
29,1979,.64070064,.56268519,-.45448965,.74889618,.74889618
0,1980,.64070064,0,-.39760047,.24310017,.24310017
1,1980,.64070064,.37388834,-.39760047,.61698854,.61698854
2,1980,.64070064,.72646868,-.39760047,.96956885,.96956885
3,1980,.64070064,.61070395,-.39760047,.85380411,.85380411
4,1980,.64070064,.58673352,-.39760047,.82983369,.82983369
5,1980,.64070064,.55403966,-.39760047,.79713982,.79713982
6,1980,.64070064,.59103948,-.39760047,.83413965,.83413965
7,1980,.64070064,.59744465,-.39760047,.84054482,.84054482
8,1980,.64070064,.56513602,-.39760047,.80823618,.80823618
9,1980,.64070064,.61914712,-.39760047,.86224729,.86224729
10,1980,.64070064,.51983696,-.39760047,.76293713,.76293713
11,1980,.64070064,.64320952,-.39760047,.88630968,.88630968
12,1980,.64070064,.59495008,-.39760047,.83805025,.83805025
13,1980,.64070064,.58372527,-.39760047,.82682544,.82682544
14,1980,.64070064,.58822393,-.39760047,.8313241,.8313241
15,1980,.64070064,.56357592,-.39760047,.80667609,.80667609
16,1980,.64070064,.60242528,-.39760047,.84552544,.84552544
17,1980,.64070064,.58379775,-.39760047,.82689792,.82689792
18,1980,.64070064,.56637985,-.39760047,.80948001,.80948001
19,1980,.64070064,.61414611,-.39760047,.85724628,.85724628
20,1980,.64070064,.52070755,-.39760047,.76380771,.76380771
21,1980,.64070064,.63150889,-.39760047,.87460905,.87460905
22,1980,.64070064,.58436596,-.39760047,.82746613,.82746613
23,1980,.64070064,.5662691,-.39760047,.80936927,.80936927
24,1980,.64070064,.57828248,-.39760047,.82138264,.82138264
25,1980,.64070064,.54290146,-.39760047,.78600162,.78600162
26,1980,.64070064,.5617075,-.39760047,.80480766,.80480766
27,1980,.64070064,.55467004,-.39760047,.7977702,.7977702
28,1980,.64070064,.54914731,-.39760047,.79224747,.79224747
29,1980,.64070064,.56268519,-.39760047,.80578536,.80578536
0,1981,.64070064,0,.13513739,.77583802,.77583802
1,1981,.64070064,.37388834,.13513739,1.1497264,1
2,1981,.64070064,.72646868,.13513739,1.5023067,1
3,1981,.64070064,.61070395,.13513739,1.386542,1
4,1981,.64070064,.58673352,.13513739,1.3625716,1
5,1981,.64070064,.55403966,.13513739,1.3298777,1
6,1981,.64070064,.59103948,.13513739,1.3668776,1
7,1981,.64070064,.59744465,.13513739,1.3732827,1
8,1981,.64070064,.56513602,.13513739,1.3409741,1
9,1981,.64070064,.61914712,.13513739,1.3949852,1
10,1981,.64070064,.51983696,.13513739,1.295675,1
11,1981,.64070064,.64320952,.13513739,1.4190476,1
12,1981,.64070064,.59495008,.13513739,1.3707881,1
13,1981,.64070064,.58372527,.13513739,1.3595634,1
14,1981,.64070064,.58822393,.13513739,1.364062,1
15,1981,.64070064,.56357592,.13513739,1.339414,1
16,1981,.64070064,.60242528,.13513739,1.3782634,1
17,1981,.64070064,.58379775,.13513739,1.3596358,1
18,1981,.64070064,.56637985,.13513739,1.3422179,1
19,1981,.64070064,.61414611,.13513739,1.3899841,1
20,1981,.64070064,.52070755,.13513739,1.2965456,1
21,1981,.64070064,.63150889,.13513739,1.407347,1
22,1981,.64070064,.58436596,.13513739,1.360204,1
23,1981,.64070064,.5662691,.13513739,1.3421072,1
24,1981,.64070064,.57828248,.13513739,1.3541205,1
25,1981,.64070064,.54290146,.13513739,1.3187395,1
26,1981,.64070064,.5617075,.13513739,1.3375455,1
27,1981,.64070064,.55467004,.13513739,1.3305081,1
28,1981,.64070064,.54914731,.13513739,1.3249854,1
29,1981,.64070064,.56268519,.13513739,1.3385233,1
0,1982,.64070064,0,-.25776982,.38293082,.38293082
1,1982,.64070064,.37388834,-.25776982,.75681913,.75681913
2,1982,.64070064,.72646868,-.25776982,1.1093996,1
3,1982,.64070064,.61070395,-.25776982,.99363476,.99363476
4,1982,.64070064,.58673352,-.25776982,.96966434,.96966434
5,1982,.64070064,.55403966,-.25776982,.93697047,.93697047
6,1982,.64070064,.59103948,-.25776982,.97397029,.97397029
7,1982,.64070064,.59744465,-.25776982,.98037547,.98037547
8,1982,.64070064,.56513602,-.25776982,.94806683,.94806683
9,1982,.64070064,.61914712,-.25776982,1.0020779,1
10,1982,.64070064,.51983696,-.25776982,.90276778,.90276778
11,1982,.64070064,.64320952,-.25776982,1.0261403,1
12,1982,.64070064,.59495008,-.25776982,.9778809,.9778809
13,1982,.64070064,.58372527,-.25776982,.96665609,.96665609
14,1982,.64070064,.58822393,-.25776982,.97115475,.97115475
15,1982,.64070064,.56357592,-.25776982,.94650674,.94650674
16,1982,.64070064,.60242528,-.25776982,.98535609,.98535609
17,1982,.64070064,.58379775,-.25776982,.96672857,.96672857
18,1982,.64070064,.56637985,-.25776982,.94931066,.94931066
19,1982,.64070064,.61414611,-.25776982,.99707693,.99707693
20,1982,.64070064,.52070755,-.25776982,.90363836,.90363836
21,1982,.64070064,.63150889,-.25776982,1.0144397,1
22,1982,.64070064,.58436596,-.25776982,.96729678,.96729678
23,1982,.64070064,.5662691,-.25776982,.94919991,.94919991
24,1982,.64070064,.57828248,-.25776982,.96121329,.96121329
25,1982,.64070064,.54290146,-.25776982,.92583227,.92583227
26,1982,.64070064,.5617075,-.25776982,.94463831,.94463831
27,1982,.64070064,.55467004,-.25776982,.93760085,.93760085
28,1982,.64070064,.54914731,-.25776982,.93207812,.93207812
29,1982,.64070064,.56268519,-.25776982,.94561601,.94561601
0,1983,.64070064,0,-.13575488,.50494576,.50494576
1,1983,.64070064,.37388834,-.13575488,.87883413,.87883413
2,1983,.64070064,.72646868,-.13575488,1.2314144,1
3,1983,.64070064,.61070395,-.13575488,1.1156497,1
4,1983,.64070064,.58673352,-.13575488,1.0916793,1
5,1983,.64070064,.55403966,-.13575488,1.0589855,1
6,1983,.64070064,.59103948,-.13575488,1.0959852,1
7,1983,.64070064,.59744465,-.13575488,1.1023904,1
8,1983,.64070064,.56513602,-.13575488,1.0700817,1
9,1983,.64070064,.61914712,-.13575488,1.1240928,1
10,1983,.64070064,.51983696,-.13575488,1.0247827,1
11,1983,.64070064,.64320952,-.13575488,1.1481552,1
12,1983,.64070064,.59495008,-.13575488,1.0998958,1
13,1983,.64070064,.58372527,-.13575488,1.088671,1
14,1983,.64070064,.58822393,-.13575488,1.0931697,1
15,1983,.64070064,.56357592,-.13575488,1.0685217,1
16,1983,.64070064,.60242528,-.13575488,1.1073711,1
17,1983,.64070064,.58379775,-.13575488,1.0887434,1
18,1983,.64070064,.56637985,-.13575488,1.0713255,1
19,1983,.64070064,.61414611,-.13575488,1.1190919,1
20,1983,.64070064,.52070755,-.13575488,1.0256534,1
21,1983,.64070064,.63150889,-.13575488,1.1364546,1
22,1983,.64070064,.58436596,-.13575488,1.0893117,1
23,1983,.64070064,.5662691,-.13575488,1.0712149,1
24,1983,.64070064,.57828248,-.13575488,1.0832282,1
25,1983,.64070064,.54290146,-.13575488,1.0478473,1
26,1983,.64070064,.5617075,-.13575488,1.0666533,1
27,1983,.64070064,.55467004,-.13575488,1.0596159,1
28,1983,.64070064,.54914731,-.13575488,1.0540931,1
29,1983,.64070064,.56268519,-.13575488,1.067631,1
0,1984,.64070064,0,-.074724771,.56597584,.56597584
1,1984,.64070064,.37388834,-.074724771,.93986422,.93986422
2,1984,.64070064,.72646868,-.074724771,1.2924446,1
3,1984,.64070064,.61070395,-.074724771,1.1766798,1
4,1984,.64070064,.58673352,-.074724771,1.1527094,1
5,1984,.64070064,.55403966,-.074724771,1.1200155,1
6,1984,.64070064,.59103948,-.074724771,1.1570153,1
7,1984,.64070064,.59744465,-.074724771,1.1634206,1
8,1984,.64070064,.56513602,-.074724771,1.1311119,1
9,1984,.64070064,.61914712,-.074724771,1.185123,1
10,1984,.64070064,.51983696,-.074724771,1.0858128,1
11,1984,.64070064,.64320952,-.074724771,1.2091854,1
12,1984,.64070064,.59495008,-.074724771,1.160926,1
13,1984,.64070064,.58372527,-.074724771,1.1497011,1
14,1984,.64070064,.58822393,-.074724771,1.1541998,1
15,1984,.64070064,.56357592,-.074724771,1.1295518,1
16,1984,.64070064,.60242528,-.074724771,1.1684011,1
17,1984,.64070064,.58379775,-.074724771,1.1497736,1
18,1984,.64070064,.56637985,-.074724771,1.1323557,1
19,1984,.64070064,.61414611,-.074724771,1.180122,1
20,1984,.64070064,.52070755,-.074724771,1.0866834,1
21,1984,.64070064,.63150889,-.074724771,1.1974847,1
22,1984,.64070064,.58436596,-.074724771,1.1503419,1
23,1984,.64070064,.5662691,-.074724771,1.1322449,1
24,1984,.64070064,.57828248,-.074724771,1.1442584,1
25,1984,.64070064,.54290146,-.074724771,1.1088773,1
26,1984,.64070064,.5617075,-.074724771,1.1276834,1
27,1984,.64070064,.55467004,-.074724771,1.1206459,1
28,1984,.64070064,.54914731,-.074724771,1.1151232,1
29,1984,.64070064,.56268519,-.074724771,1.128661,1
0,1985,.64070064,0,-.35941926,.28128138,.28128138
1,1985,.64070064,.37388834,-.35941926,.65516973,.65516973
2,1985,.64070064,.72646868,-.35941926,1.00775,1
3,1985,.64070064,.61070395,-.35941926,.8919853,.8919853
4,1985,.64070064,.58673352,-.35941926,.86801493,.86801493
5,1985,.64070064,.55403966,-.35941926,.83532107,.83532107
6,1985,.64070064,.59103948,-.35941926,.87232089,.87232089
7,1985,.64070064,.59744465,-.35941926,.87872601,.87872601
8,1985,.64070064,.56513602,-.35941926,.84641743,.84641743
9,1985,.64070064,.61914712,-.35941926,.90042853,.90042853
10,1985,.64070064,.51983696,-.35941926,.80111837,.80111837
11,1985,.64070064,.64320952,-.35941926,.92449093,.92449093
12,1985,.64070064,.59495008,-.35941926,.87623143,.87623143
13,1985,.64070064,.58372527,-.35941926,.86500669,.86500669
14,1985,.64070064,.58822393,-.35941926,.86950529,.86950529
15,1985,.64070064,.56357592,-.35941926,.84485734,.84485734
16,1985,.64070064,.60242528,-.35941926,.88370669,.88370669
17,1985,.64070064,.58379775,-.35941926,.86507916,.86507916
18,1985,.64070064,.56637985,-.35941926,.84766126,.84766126
19,1985,.64070064,.61414611,-.35941926,.89542747,.89542747
20,1985,.64070064,.52070755,-.35941926,.80198896,.80198896
21,1985,.64070064,.63150889,-.35941926,.9127903,.9127903
22,1985,.64070064,.58436596,-.35941926,.86564732,.86564732
23,1985,.64070064,.5662691,-.35941926,.84755051,.84755051
24,1985,.64070064,.57828248,-.35941926,.85956383,.85956383
25,1985,.64070064,.54290146,-.35941926,.82418287,.82418287
26,1985,.64070064,.5617075,-.35941926,.84298885,.84298885
27,1985,.64070064,.55467004,-.35941926,.83595145,.83595145
28,1985,.64070064,.54914731,-.35941926,.83042872,.83042872
29,1985,.64070064,.56268519,-.35941926,.8439666,.8439666
0,1986,.64070064,0,-.2745426,.36615804,.36615804
1,1986,.64070064,.37388834,-.2745426,.74004638,.74004638
2,1986,.64070064,.72646868,-.2745426,1.0926267,1
3,1986,.64070064,.61070395,-.2745426,.97686195,.97686195
4,1986,.64070064,.58673352,-.2745426,.95289159,.95289159
5,1986,.64070064,.55403966,-.2745426,.92019773,.92019773
6,1986,.64070064,.59103948,-.2745426,.95719755,.95719755
7,1986,.64070064,.59744465,-.2745426,.96360266,.96360266
8,1986,.64070064,.56513602,-.2745426,.93129408,.93129408
9,1986,.64070064,.61914712,-.2745426,.98530519,.98530519
10,1986,.64070064,.51983696,-.2745426,.88599503,.88599503
11,1986,.64070064,.64320952,-.2745426,1.0093676,1
12,1986,.64070064,.59495008,-.2745426,.96110809,.96110809
13,1986,.64070064,.58372527,-.2745426,.94988334,.94988334
14,1986,.64070064,.58822393,-.2745426,.95438194,.95438194
15,1986,.64070064,.56357592,-.2745426,.92973399,.92973399
16,1986,.64070064,.60242528,-.2745426,.96858335,.96858335
17,1986,.64070064,.58379775,-.2745426,.94995582,.94995582
18,1986,.64070064,.56637985,-.2745426,.93253791,.93253791
19,1986,.64070064,.61414611,-.2745426,.98030412,.98030412
20,1986,.64070064,.52070755,-.2745426,.88686562,.88686562
21,1986,.64070064,.63150889,-.2745426,.99766695,.99766695
22,1986,.64070064,.58436596,-.2745426,.95052397,.95052397
23,1986,.64070064,.5662691,-.2745426,.93242717,.93242717
24,1986,.64070064,.57828248,-.2745426,.94444048,.94444048
25,1986,.64070064,.54290146,-.2745426,.90905952,.90905952
26,1986,.64070064,.5617075,-.2745426,.92786551,.92786551
27,1986,.64070064,.55467004,-.2745426,.9208281,.9208281
28,1986,.64070064,.54914731,-.2745426,.91530538,.91530538
29,1986,.64070064,.56268519,-.2745426,.92884326,.92884326
0,1987,.64070064,0,-.17863244,.4620682,.4620682
1,1987,.64070064,.37388834,-.17863244,.83595657,.83595657
2,1987,.64070064,.72646868,-.17863244,1.1885369,1
3,1987,.64070064,.61070395,-.17863244,1.0727721,1
4,1987,.64070064,.58673352,-.17863244,1.0488017,1
5,1987,.64070064,.55403966,-.17863244,1.0161078,1
6,1987,.64070064,.59103948,-.17863244,1.0531077,1
7,1987,.64070064,.59744465,-.17863244,1.0595129,1
8,1987,.64070064,.56513602,-.17863244,1.0272043,1
9,1987,.64070064,.61914712,-.17863244,1.0812154,1
10,1987,.64070064,.51983696,-.17863244,.98190516,.98190516
11,1987,.64070064,.64320952,-.17863244,1.1052778,1
12,1987,.64070064,.59495008,-.17863244,1.0570183,1
13,1987,.64070064,.58372527,-.17863244,1.0457935,1
14,1987,.64070064,.58822393,-.17863244,1.0502921,1
15,1987,.64070064,.56357592,-.17863244,1.0256441,1
16,1987,.64070064,.60242528,-.17863244,1.0644934,1
17,1987,.64070064,.58379775,-.17863244,1.045866,1
18,1987,.64070064,.56637985,-.17863244,1.0284481,1
19,1987,.64070064,.61414611,-.17863244,1.0762143,1
20,1987,.64070064,.52070755,-.17863244,.98277575,.98277575
21,1987,.64070064,.63150889,-.17863244,1.0935771,1
22,1987,.64070064,.58436596,-.17863244,1.0464342,1
23,1987,.64070064,.5662691,-.17863244,1.0283372,1
24,1987,.64070064,.57828248,-.17863244,1.0403507,1
25,1987,.64070064,.54290146,-.17863244,1.0049696,1
26,1987,.64070064,.5617075,-.17863244,1.0237757,1
27,1987,.64070064,.55467004,-.17863244,1.0167382,1
28,1987,.64070064,.54914731,-.17863244,1.0112154,1
29,1987,.64070064,.56268519,-.17863244,1.0247533,1
0,1988,.64070064,0,-.11098701,.52971363,.52971363
1,1988,.64070064,.37388834,-.11098701,.903602,.903602
2,1988,.64070064,.72646868,-.11098701,1.2561823,1
3,1988,.64070064,.61070395,-.11098701,1.1404176,1
4,1988,.64070064,.58673352,-.11098701,1.1164472,1
5,1988,.64070064,.55403966,-.11098701,1.0837533,1
6,1988,.64070064,.59103948,-.11098701,1.120753,1
7,1988,.64070064,.59744465,-.11098701,1.1271583,1
8,1988,.64070064,.56513602,-.11098701,1.0948496,1
9,1988,.64070064,.61914712,-.11098701,1.1488607,1
10,1988,.64070064,.51983696,-.11098701,1.0495505,1
11,1988,.64070064,.64320952,-.11098701,1.1729231,1
12,1988,.64070064,.59495008,-.11098701,1.1246637,1
13,1988,.64070064,.58372527,-.11098701,1.1134388,1
14,1988,.64070064,.58822393,-.11098701,1.1179376,1
15,1988,.64070064,.56357592,-.11098701,1.0932896,1
16,1988,.64070064,.60242528,-.11098701,1.132139,1
17,1988,.64070064,.58379775,-.11098701,1.1135113,1
18,1988,.64070064,.56637985,-.11098701,1.0960934,1
19,1988,.64070064,.61414611,-.11098701,1.1438597,1
20,1988,.64070064,.52070755,-.11098701,1.0504212,1
21,1988,.64070064,.63150889,-.11098701,1.1612225,1
22,1988,.64070064,.58436596,-.11098701,1.1140796,1
23,1988,.64070064,.5662691,-.11098701,1.0959828,1
24,1988,.64070064,.57828248,-.11098701,1.1079961,1
25,1988,.64070064,.54290146,-.11098701,1.0726151,1
26,1988,.64070064,.5617075,-.11098701,1.0914211,1
27,1988,.64070064,.55467004,-.11098701,1.0843837,1
28,1988,.64070064,.54914731,-.11098701,1.078861,1
29,1988,.64070064,.56268519,-.11098701,1.0923989,1
0,1989,.64070064,0,-.3437593,.29694134,.29694134
1,1989,.64070064,.37388834,-.3437593,.67082965,.67082965
2,1989,.64070064,.72646868,-.3437593,1.0234101,1
3,1989,.64070064,.61070395,-.3437593,.90764529,.90764529
4,1989,.64070064,.58673352,-.3437593,.88367486,.88367486
5,1989,.64070064,.55403966,-.3437593,.850981,.850981
6,1989,.64070064,.59103948,-.3437593,.88798082,.88798082
7,1989,.64070064,.59744465,-.3437593,.89438599,.89438599
8,1989,.64070064,.56513602,-.3437593,.86207736,.86207736
9,1989,.64070064,.61914712,-.3437593,.91608846,.91608846
10,1989,.64070064,.51983696,-.3437593,.8167783,.8167783
11,1989,.64070064,.64320952,-.3437593,.94015086,.94015086
12,1989,.64070064,.59495008,-.3437593,.89189142,.89189142
13,1989,.64070064,.58372527,-.3437593,.88066661,.88066661
14,1989,.64070064,.58822393,-.3437593,.88516527,.88516527
15,1989,.64070064,.56357592,-.3437593,.86051726,.86051726
16,1989,.64070064,.60242528,-.3437593,.89936662,.89936662
17,1989,.64070064,.58379775,-.3437593,.88073909,.88073909
18,1989,.64070064,.56637985,-.3437593,.86332119,.86332119
19,1989,.64070064,.61414611,-.3437593,.91108745,.91108745
20,1989,.64070064,.52070755,-.3437593,.81764889,.81764889
21,1989,.64070064,.63150889,-.3437593,.92845023,.92845023
22,1989,.64070064,.58436596,-.3437593,.8813073,.8813073
23,1989,.64070064,.5662691,-.3437593,.86321044,.86321044
24,1989,.64070064,.57828248,-.3437593,.87522382,.87522382
25,1989,.64070064,.54290146,-.3437593,.8398428,.8398428
26,1989,.64070064,.5617075,-.3437593,.85864884,.85864884
27,1989,.64070064,.55467004,-.3437593,.85161138,.85161138
28,1989,.64070064,.54914731,-.3437593,.84608865,.84608865
29,1989,.64070064,.56268519,-.3437593,.85962653,.85962653
0,1990,.64070064,0,-.34686607,.29383457,.29383457
1,1990,.64070064,.37388834,-.34686607,.66772294,.66772294
2,1990,.64070064,.72646868,-.34686607,1.0203032,1
3,1990,.64070064,.61070395,-.34686607,.90453851,.90453851
4,1990,.64070064,.58673352,-.34686607,.88056809,.88056809
5,1990,.64070064,.55403966,-.34686607,.84787422,.84787422
6,1990,.64070064,.59103948,-.34686607,.88487405,.88487405
7,1990,.64070064,.59744465,-.34686607,.89127922,.89127922
8,1990,.64070064,.56513602,-.34686607,.85897058,.85897058
9,1990,.64070064,.61914712,-.34686607,.91298169,.91298169
10,1990,.64070064,.51983696,-.34686607,.81367153,.81367153
11,1990,.64070064,.64320952,-.34686607,.93704408,.93704408
12,1990,.64070064,.59495008,-.34686607,.88878465,.88878465
13,1990,.64070064,.58372527,-.34686607,.87755984,.87755984
14,1990,.64070064,.58822393,-.34686607,.8820585,.8820585
15,1990,.64070064,.56357592,-.34686607,.85741049,.85741049
16,1990,.64070064,.60242528,-.34686607,.89625984,.89625984
17,1990,.64070064,.58379775,-.34686607,.87763232,.87763232
18,1990,.64070064,.56637985,-.34686607,.86021441,.86021441
19,1990,.64070064,.61414611,-.34686607,.90798068,.90798068
20,1990,.64070064,.52070755,-.34686607,.81454211,.81454211
21,1990,.64070064,.63150889,-.34686607,.92534345,.92534345
22,1990,.64070064,.58436596,-.34686607,.87820053,.87820053
23,1990,.64070064,.5662691,-.34686607,.86010367,.86010367
24,1990,.64070064,.57828248,-.34686607,.87211704,.87211704
25,1990,.64070064,.54290146,-.34686607,.83673602,.83673602
26,1990,.64070064,.5617075,-.34686607,.85554206,.85554206
27,1990,.64070064,.55467004,-.34686607,.8485046,.8485046
28,1990,.64070064,.54914731,-.34686607,.84298187,.84298187
29,1990,.64070064,.56268519,-.34686607,.85651976,.85651976
0,1991,.64070064,0,-.012043364,.62865728,.62865728
1,1991,.64070064,.37388834,-.012043364,1.0025456,1
2,1991,.64070064,.72646868,-.012043364,1.3551259,1
3,1991,.64070064,.61070395,-.012043364,1.2393612,1
4,1991,.64070064,.58673352,-.012043364,1.2153908,1
5,1991,.64070064,.55403966,-.012043364,1.1826969,1
6,1991,.64070064,.59103948,-.012043364,1.2196968,1
7,1991,.64070064,.59744465,-.012043364,1.2261019,1
8,1991,.64070064,.56513602,-.012043364,1.1937933,1
9,1991,.64070064,.61914712,-.012043364,1.2478044,1
10,1991,.64070064,.51983696,-.012043364,1.1484942,1
11,1991,.64070064,.64320952,-.012043364,1.2718668,1
12,1991,.64070064,.59495008,-.012043364,1.2236073,1
13,1991,.64070064,.58372527,-.012043364,1.2123826,1
14,1991,.64070064,.58822393,-.012043364,1.2168812,1
15,1991,.64070064,.56357592,-.012043364,1.1922332,1
16,1991,.64070064,.60242528,-.012043364,1.2310826,1
17,1991,.64070064,.58379775,-.012043364,1.212455,1
18,1991,.64070064,.56637985,-.012043364,1.1950371,1
19,1991,.64070064,.61414611,-.012043364,1.2428033,1
20,1991,.64070064,.52070755,-.012043364,1.1493648,1
21,1991,.64070064,.63150889,-.012043364,1.2601662,1
22,1991,.64070064,.58436596,-.012043364,1.2130232,1
23,1991,.64070064,.5662691,-.012043364,1.1949264,1
24,1991,.64070064,.57828248,-.012043364,1.2069397,1
25,1991,.64070064,.54290146,-.012043364,1.1715587,1
26,1991,.64070064,.5617075,-.012043364,1.1903647,1
27,1991,.64070064,.55467004,-.012043364,1.1833273,1
28,1991,.64070064,.54914731,-.012043364,1.1778046,1
29,1991,.64070064,.56268519,-.012043364,1.1913425,1
0,1992,.64070064,0,-.28849402,.35220662,.35220662
1,1992,.64070064,.37388834,-.28849402,.72609496,.72609496
2,1992,.64070064,.72646868,-.28849402,1.0786753,1
3,1992,.64070064,.61070395,-.28849402,.96291053,.96291053
4,1992,.64070064,.58673352,-.28849402,.93894017,.93894017
5,1992,.64070064,.55403966,-.28849402,.9062463,.9062463
6,1992,.64070064,.59103948,-.28849402,.94324613,.94324613
7,1992,.64070064,.59744465,-.28849402,.94965124,.94965124
8,1992,.64070064,.56513602,-.28849402,.91734266,.91734266
9,1992,.64070064,.61914712,-.28849402,.97135377,.97135377
10,1992,.64070064,.51983696,-.28849402,.87204361,.87204361
11,1992,.64070064,.64320952,-.28849402,.99541616,.99541616
12,1992,.64070064,.59495008,-.28849402,.94715667,.94715667
13,1992,.64070064,.58372527,-.28849402,.93593192,.93593192
14,1992,.64070064,.58822393,-.28849402,.94043052,.94043052
15,1992,.64070064,.56357592,-.28849402,.91578257,.91578257
16,1992,.64070064,.60242528,-.28849402,.95463192,.95463192
17,1992,.64070064,.58379775,-.28849402,.9360044,.9360044
18,1992,.64070064,.56637985,-.28849402,.91858649,.91858649
19,1992,.64070064,.61414611,-.28849402,.9663527,.9663527
20,1992,.64070064,.52070755,-.28849402,.8729142,.8729142
21,1992,.64070064,.63150889,-.28849402,.98371553,.98371553
22,1992,.64070064,.58436596,-.28849402,.93657255,.93657255
23,1992,.64070064,.5662691,-.28849402,.91847575,.91847575
24,1992,.64070064,.57828248,-.28849402,.93048906,.93048906
25,1992,.64070064,.54290146,-.28849402,.8951081,.8951081
26,1992,.64070064,.5617075,-.28849402,.91391408,.91391408
27,1992,.64070064,.55467004,-.28849402,.90687668,.90687668
28,1992,.64070064,.54914731,-.28849402,.90135396,.90135396
29,1992,.64070064,.56268519,-.28849402,.91489184,.91489184
0,1993,.64070064,0,-.21072659,.42997405,.42997405
1,1993,.64070064,.37388834,-.21072659,.80386239,.80386239
2,1993,.64070064,.72646868,-.21072659,1.1564428,1
3,1993,.64070064,.61070395,-.21072659,1.040678,1
4,1993,.64070064,.58673352,-.21072659,1.0167075,1
5,1993,.64070064,.55403966,-.21072659,.98401368,.98401368
6,1993,.64070064,.59103948,-.21072659,1.0210135,1
7,1993,.64070064,.59744465,-.21072659,1.0274187,1
8,1993,.64070064,.56513602,-.21072659,.99511003,.99511003
9,1993,.64070064,.61914712,-.21072659,1.0491211,1
10,1993,.64070064,.51983696,-.21072659,.94981098,.94981098
11,1993,.64070064,.64320952,-.21072659,1.0731835,1
12,1993,.64070064,.59495008,-.21072659,1.0249242,1
13,1993,.64070064,.58372527,-.21072659,1.0136993,1
14,1993,.64070064,.58822393,-.21072659,1.018198,1
15,1993,.64070064,.56357592,-.21072659,.99354994,.99354994
16,1993,.64070064,.60242528,-.21072659,1.0323993,1
17,1993,.64070064,.58379775,-.21072659,1.0137718,1
18,1993,.64070064,.56637985,-.21072659,.99635386,.99635386
19,1993,.64070064,.61414611,-.21072659,1.0441202,1
20,1993,.64070064,.52070755,-.21072659,.95068157,.95068157
21,1993,.64070064,.63150889,-.21072659,1.0614829,1
22,1993,.64070064,.58436596,-.21072659,1.01434,1
23,1993,.64070064,.5662691,-.21072659,.99624312,.99624312
24,1993,.64070064,.57828248,-.21072659,1.0082566,1
25,1993,.64070064,.54290146,-.21072659,.97287548,.97287548
26,1993,.64070064,.5617075,-.21072659,.99168158,.99168158
27,1993,.64070064,.55467004,-.21072659,.98464406,.98464406
28,1993,.64070064,.54914731,-.21072659,.97912133,.97912133
29,1993,.64070064,.56268519,-.21072659,.99265921,.99265921
0,1994,.64070064,0,-.10082401,.53987664,.53987664
1,1994,.64070064,.37388834,-.10082401,.91376495,.91376495
2,1994,.64070064,.72646868,-.10082401,1.2663453,1
3,1994,.64070064,.61070395,-.10082401,1.1505805,1
4,1994,.64070064,.58673352,-.10082401,1.1266102,1
5,1994,.64070064,.55403966,-.10082401,1.0939163,1
6,1994,.64070064,.59103948,-.10082401,1.1309161,1
7,1994,.64070064,.59744465,-.10082401,1.1373212,1
8,1994,.64070064,.56513602,-.10082401,1.1050127,1
9,1994,.64070064,.61914712,-.10082401,1.1590238,1
10,1994,.64070064,.51983696,-.10082401,1.0597136,1
11,1994,.64070064,.64320952,-.10082401,1.1830862,1
12,1994,.64070064,.59495008,-.10082401,1.1348267,1
13,1994,.64070064,.58372527,-.10082401,1.1236019,1
14,1994,.64070064,.58822393,-.10082401,1.1281005,1
15,1994,.64070064,.56357592,-.10082401,1.1034526,1
16,1994,.64070064,.60242528,-.10082401,1.1423019,1
17,1994,.64070064,.58379775,-.10082401,1.1236744,1
18,1994,.64070064,.56637985,-.10082401,1.1062565,1
19,1994,.64070064,.61414611,-.10082401,1.1540227,1
20,1994,.64070064,.52070755,-.10082401,1.0605842,1
21,1994,.64070064,.63150889,-.10082401,1.1713855,1
22,1994,.64070064,.58436596,-.10082401,1.1242425,1
23,1994,.64070064,.5662691,-.10082401,1.1061457,1
24,1994,.64070064,.57828248,-.10082401,1.1181591,1
25,1994,.64070064,.54290146,-.10082401,1.0827781,1
26,1994,.64070064,.5617075,-.10082401,1.1015841,1
27,1994,.64070064,.55467004,-.10082401,1.0945467,1
28,1994,.64070064,.54914731,-.10082401,1.0890239,1
29,1994,.64070064,.56268519,-.10082401,1.1025618,1
0,1995,.64070064,0,-.27702901,.36367163,.36367163
1,1995,.64070064,.37388834,-.27702901,.73755997,.73755997
2,1995,.64070064,.72646868,-.27702901,1.0901403,1
3,1995,.64070064,.61070395,-.27702901,.97437561,.97437561
4,1995,.64070064,.58673352,-.27702901,.95040512,.95040512
5,1995,.64070064,.55403966,-.27702901,.91771126,.91771126
6,1995,.64070064,.59103948,-.27702901,.95471108,.95471108
7,1995,.64070064,.59744465,-.27702901,.96111631,.96111631
8,1995,.64070064,.56513602,-.27702901,.92880762,.92880762
9,1995,.64070064,.61914712,-.27702901,.98281872,.98281872
10,1995,.64070064,.51983696,-.27702901,.88350856,.88350856
11,1995,.64070064,.64320952,-.27702901,1.0068811,1
12,1995,.64070064,.59495008,-.27702901,.95862174,.95862174
13,1995,.64070064,.58372527,-.27702901,.94739687,.94739687
14,1995,.64070064,.58822393,-.27702901,.95189559,.95189559
15,1995,.64070064,.56357592,-.27702901,.92724752,.92724752
16,1995,.64070064,.60242528,-.27702901,.96609688,.96609688
17,1995,.64070064,.58379775,-.27702901,.94746935,.94746935
18,1995,.64070064,.56637985,-.27702901,.93005145,.93005145
19,1995,.64070064,.61414611,-.27702901,.97781777,.97781777
20,1995,.64070064,.52070755,-.27702901,.88437915,.88437915
21,1995,.64070064,.63150889,-.27702901,.99518049,.99518049
22,1995,.64070064,.58436596,-.27702901,.94803762,.94803762
23,1995,.64070064,.5662691,-.27702901,.9299407,.9299407
24,1995,.64070064,.57828248,-.27702901,.94195414,.94195414
25,1995,.64070064,.54290146,-.27702901,.90657306,.90657306
26,1995,.64070064,.5617075,-.27702901,.92537916,.92537916
27,1995,.64070064,.55467004,-.27702901,.91834164,.91834164
28,1995,.64070064,.54914731,-.27702901,.91281891,.91281891
29,1995,.64070064,.56268519,-.27702901,.92635679,.92635679
0,1996,.64070064,0,-.22954978,.41115087,.41115087
1,1996,.64070064,.37388834,-.22954978,.78503919,.78503919
2,1996,.64070064,.72646868,-.22954978,1.1376195,1
3,1996,.64070064,.61070395,-.22954978,1.0218548,1
4,1996,.64070064,.58673352,-.22954978,.99788439,.99788439
5,1996,.64070064,.55403966,-.22954978,.96519053,.96519053
6,1996,.64070064,.59103948,-.22954978,1.0021904,1
7,1996,.64070064,.59744465,-.22954978,1.0085955,1
8,1996,.64070064,.56513602,-.22954978,.97628689,.97628689
9,1996,.64070064,.61914712,-.22954978,1.030298,1
10,1996,.64070064,.51983696,-.22954978,.93098783,.93098783
11,1996,.64070064,.64320952,-.22954978,1.0543604,1
12,1996,.64070064,.59495008,-.22954978,1.0061009,1
13,1996,.64070064,.58372527,-.22954978,.99487615,.99487615
14,1996,.64070064,.58822393,-.22954978,.99937481,.99937481
15,1996,.64070064,.56357592,-.22954978,.9747268,.9747268
16,1996,.64070064,.60242528,-.22954978,1.0135761,1
17,1996,.64070064,.58379775,-.22954978,.99494863,.99494863
18,1996,.64070064,.56637985,-.22954978,.97753072,.97753072
19,1996,.64070064,.61414611,-.22954978,1.0252969,1
20,1996,.64070064,.52070755,-.22954978,.93185842,.93185842
21,1996,.64070064,.63150889,-.22954978,1.0426598,1
22,1996,.64070064,.58436596,-.22954978,.99551684,.99551684
23,1996,.64070064,.5662691,-.22954978,.97741997,.97741997
24,1996,.64070064,.57828248,-.22954978,.98943335,.98943335
25,1996,.64070064,.54290146,-.22954978,.95405233,.95405233
26,1996,.64070064,.5617075,-.22954978,.97285837,.97285837
27,1996,.64070064,.55467004,-.22954978,.96582091,.96582091
28,1996,.64070064,.54914731,-.22954978,.96029818,.96029818
0,1997,.64070064,0,-.22317909,.41752154,.41752154
1,1997,.64070064,.37388834,-.22317909,.79140991,.79140991
2,1997,.64070064,.72646868,-.22317909,1.1439903,1
3,1997,.64070064,.61070395,-.22317909,1.0282255,1
4,1997,.64070064,.58673352,-.22317909,1.0042551,1
5,1997,.64070064,.55403966,-.22317909,.97156119,.97156119
6,1997,.64070064,.59103948,-.22317909,1.008561,1
7,1997,.64070064,.59744465,-.22317909,1.0149662,1
8,1997,.64070064,.56513602,-.22317909,.98265755,.98265755
9,1997,.64070064,.61914712,-.22317909,1.0366687,1
10,1997,.64070064,.51983696,-.22317909,.9373585,.9373585
11,1997,.64070064,.64320952,-.22317909,1.0607311,1
12,1997,.64070064,.59495008,-.22317909,1.0124717,1
13,1997,.64070064,.58372527,-.22317909,1.0012468,1
14,1997,.64070064,.58822393,-.22317909,1.0057455,1
15,1997,.64070064,.56357592,-.22317909,.98109746,.98109746
16,1997,.64070064,.60242528,-.22317909,1.0199468,1
17,1997,.64070064,.58379775,-.22317909,1.0013193,1
18,1997,.64070064,.56637985,-.22317909,.98390138,.98390138
19,1997,.64070064,.61414611,-.22317909,1.0316677,1
20,1997,.64070064,.52070755,-.22317909,.93822908,.93822908
21,1997,.64070064,.63150889,-.22317909,1.0490304,1
22,1997,.64070064,.58436596,-.22317909,1.0018876,1
23,1997,.64070064,.5662691,-.22317909,.98379064,.98379064
24,1997,.64070064,.57828248,-.22317909,.99580401,.99580401
25,1997,.64070064,.54290146,-.22317909,.96042299,.96042299
26,1997,.64070064,.5617075,-.22317909,.97922903,.97922903
27,1997,.64070064,.55467004,-.22317909,.97219157,.97219157
0,1998,.64070064,0,-.14993688,.49076375,.49076375
1,1998,.64070064,.37388834,-.14993688,.8646521,.8646521
2,1998,.64070064,.72646868,-.14993688,1.2172325,1
3,1998,.64070064,.61070395,-.14993688,1.1014677,1
4,1998,.64070064,.58673352,-.14993688,1.0774972,1
5,1998,.64070064,.55403966,-.14993688,1.0448034,1
6,1998,.64070064,.59103948,-.14993688,1.0818032,1
7,1998,.64070064,.59744465,-.14993688,1.0882084,1
8,1998,.64070064,.56513602,-.14993688,1.0558997,1
9,1998,.64070064,.61914712,-.14993688,1.1099108,1
10,1998,.64070064,.51983696,-.14993688,1.0106007,1
11,1998,.64070064,.64320952,-.14993688,1.1339732,1
12,1998,.64070064,.59495008,-.14993688,1.0857139,1
13,1998,.64070064,.58372527,-.14993688,1.074489,1
14,1998,.64070064,.58822393,-.14993688,1.0789877,1
15,1998,.64070064,.56357592,-.14993688,1.0543396,1
16,1998,.64070064,.60242528,-.14993688,1.093189,1
17,1998,.64070064,.58379775,-.14993688,1.0745615,1
18,1998,.64070064,.56637985,-.14993688,1.0571436,1
19,1998,.64070064,.61414611,-.14993688,1.1049099,1
20,1998,.64070064,.52070755,-.14993688,1.0114713,1
21,1998,.64070064,.63150889,-.14993688,1.1222726,1
22,1998,.64070064,.58436596,-.14993688,1.0751297,1
23,1998,.64070064,.5662691,-.14993688,1.0570328,1
24,1998,.64070064,.57828248,-.14993688,1.0690463,1
25,1998,.64070064,.54290146,-.14993688,1.0336652,1
26,1998,.64070064,.5617075,-.14993688,1.0524713,1
0,1999,.64070064,0,-.27935725,.36134338,.36134338
1,1999,.64070064,.37388834,-.27935725,.73523176,.73523176
2,1999,.64070064,.72646868,-.27935725,1.0878121,1
3,1999,.64070064,.61070395,-.27935725,.97204733,.97204733
4,1999,.64070064,.58673352,-.27935725,.9480769,.9480769
5,1999,.64070064,.55403966,-.27935725,.91538304,.91538304
6,1999,.64070064,.59103948,-.27935725,.95238286,.95238286
7,1999,.64070064,.59744465,-.27935725,.95878804,.95878804
8,1999,.64070064,.56513602,-.27935725,.9264794,.9264794
9,1999,.64070064,.61914712,-.27935725,.98049051,.98049051
10,1999,.64070064,.51983696,-.27935725,.88118035,.88118035
11,1999,.64070064,.64320952,-.27935725,1.0045528,1
12,1999,.64070064,.59495008,-.27935725,.95629346,.95629346
13,1999,.64070064,.58372527,-.27935725,.94506866,.94506866
14,1999,.64070064,.58822393,-.27935725,.94956732,.94956732
15,1999,.64070064,.56357592,-.27935725,.92491931,.92491931
16,1999,.64070064,.60242528,-.27935725,.96376866,.96376866
17,1999,.64070064,.58379775,-.27935725,.94514114,.94514114
18,1999,.64070064,.56637985,-.27935725,.92772323,.92772323
19,1999,.64070064,.61414611,-.27935725,.9754895,.9754895
20,1999,.64070064,.52070755,-.27935725,.88205093,.88205093
21,1999,.64070064,.63150889,-.27935725,.99285227,.99285227
22,1999,.64070064,.58436596,-.27935725,.94570935,.94570935
23,1999,.64070064,.5662691,-.27935725,.92761248,.92761248
24,1999,.64070064,.57828248,-.27935725,.93962586,.93962586
25,1999,.64070064,.54290146,-.27935725,.90424484,.90424484
0,2000,.64070064,0,-.28624183,.35445881,.35445881
1,2000,.64070064,.37388834,-.28624183,.72834718,.72834718
2,2000,.64070064,.72646868,-.28624183,1.0809275,1
3,2000,.64070064,.61070395,-.28624183,.96516275,.96516275
4,2000,.64070064,.58673352,-.28624183,.94119233,.94119233
5,2000,.64070064,.55403966,-.28624183,.90849847,.90849847
6,2000,.64070064,.59103948,-.28624183,.94549829,.94549829
7,2000,.64070064,.59744465,-.28624183,.95190346,.95190346
8,2000,.64070064,.56513602,-.28624183,.91959482,.91959482
9,2000,.64070064,.61914712,-.28624183,.97360593,.97360593
10,2000,.64070064,.51983696,-.28624183,.87429577,.87429577
11,2000,.64070064,.64320952,-.28624183,.99766833,.99766833
12,2000,.64070064,.59495008,-.28624183,.94940889,.94940889
13,2000,.64070064,.58372527,-.28624183,.93818408,.93818408
14,2000,.64070064,.58822393,-.28624183,.94268274,.94268274
15,2000,.64070064,.56357592,-.28624183,.91803473,.91803473
16,2000,.64070064,.60242528,-.28624183,.95688409,.95688409
17,2000,.64070064,.58379775,-.28624183,.93825656,.93825656
18,2000,.64070064,.56637985,-.28624183,.92083865,.92083865
19,2000,.64070064,.61414611,-.28624183,.96860492,.96860492
20,2000,.64070064,.52070755,-.28624183,.87516636,.87516636
21,2000,.64070064,.63150889,-.28624183,.9859677,.9859677
22,2000,.64070064,.58436596,-.28624183,.93882477,.93882477
23,2000,.64070064,.5662691,-.28624183,.92072791,.92072791
24,2000,.64070064,.57828248,-.28624183,.93274128,.93274128
0,2001,.64070064,0,-.049209777,.59149086,.59149086
1,2001,.64070064,.37388834,-.049209777,.96537918,.96537918
2,2001,.64070064,.72646868,-.049209777,1.3179595,1
3,2001,.64070064,.61070395,-.049209777,1.2021948,1
4,2001,.64070064,.58673352,-.049209777,1.1782243,1
5,2001,.64070064,.55403966,-.049209777,1.1455305,1
6,2001,.64070064,.59103948,-.049209777,1.1825303,1
7,2001,.64070064,.59744465,-.049209777,1.1889355,1
8,2001,.64070064,.56513602,-.049209777,1.1566268,1
9,2001,.64070064,.61914712,-.049209777,1.2106379,1
10,2001,.64070064,.51983696,-.049209777,1.1113278,1
11,2001,.64070064,.64320952,-.049209777,1.2347003,1
12,2001,.64070064,.59495008,-.049209777,1.1864409,1
13,2001,.64070064,.58372527,-.049209777,1.1752161,1
14,2001,.64070064,.58822393,-.049209777,1.1797148,1
15,2001,.64070064,.56357592,-.049209777,1.1550667,1
16,2001,.64070064,.60242528,-.049209777,1.1939161,1
17,2001,.64070064,.58379775,-.049209777,1.1752886,1
18,2001,.64070064,.56637985,-.049209777,1.1578707,1
19,2001,.64070064,.61414611,-.049209777,1.205637,1
20,2001,.64070064,.52070755,-.049209777,1.1121984,1
21,2001,.64070064,.63150889,-.049209777,1.2229997,1
22,2001,.64070064,.58436596,-.049209777,1.1758568,1
23,2001,.64070064,.5662691,-.049209777,1.1577599,1
0,2002,.64070064,0,-.19660382,.4440968,.4440968
1,2002,.64070064,.37388834,-.19660382,.81798518,.81798518
2,2002,.64070064,.72646868,-.19660382,1.1705655,1
3,2002,.64070064,.61070395,-.19660382,1.0548007,1
4,2002,.64070064,.58673352,-.19660382,1.0308304,1
5,2002,.64070064,.55403966,-.19660382,.99813646,.99813646
6,2002,.64070064,.59103948,-.19660382,1.0351363,1
7,2002,.64070064,.59744465,-.19660382,1.0415415,1
8,2002,.64070064,.56513602,-.19660382,1.0092329,1
9,2002,.64070064,.61914712,-.19660382,1.063244,1
10,2002,.64070064,.51983696,-.19660382,.96393377,.96393377
11,2002,.64070064,.64320952,-.19660382,1.0873064,1
12,2002,.64070064,.59495008,-.19660382,1.0390469,1
13,2002,.64070064,.58372527,-.19660382,1.0278221,1
14,2002,.64070064,.58822393,-.19660382,1.0323207,1
15,2002,.64070064,.56357592,-.19660382,1.0076728,1
16,2002,.64070064,.60242528,-.19660382,1.0465221,1
17,2002,.64070064,.58379775,-.19660382,1.0278946,1
18,2002,.64070064,.56637985,-.19660382,1.0104767,1
19,2002,.64070064,.61414611,-.19660382,1.0582429,1
20,2002,.64070064,.52070755,-.19660382,.96480435,.96480435
21,2002,.64070064,.63150889,-.19660382,1.0756058,1
22,2002,.64070064,.58436596,-.19660382,1.0284628,1
0,2003,.64070064,0,-.21201256,.42868808,.42868808
1,2003,.64070064,.37388834,-.21201256,.80257642,.80257642
2,2003,.64070064,.72646868,-.21201256,1.1551567,1
3,2003,.64070064,.61070395,-.21201256,1.039392,1
4,2003,.64070064,.58673352,-.21201256,1.0154216,1
5,2003,.64070064,.55403966,-.21201256,.98272777,.98272777
6,2003,.64070064,.59103948,-.21201256,1.0197276,1
7,2003,.64070064,.59744465,-.21201256,1.0261327,1
8,2003,.64070064,.56513602,-.21201256,.99382412,.99382412
9,2003,.64070064,.61914712,-.21201256,1.0478352,1
10,2003,.64070064,.51983696,-.21201256,.94852507,.94852507
11,2003,.64070064,.64320952,-.21201256,1.0718976,1
12,2003,.64070064,.59495008,-.21201256,1.0236381,1
13,2003,.64070064,.58372527,-.21201256,1.0124134,1
14,2003,.64070064,.58822393,-.21201256,1.016912,1
15,2003,.64070064,.56357592,-.21201256,.99226403,.99226403
16,2003,.64070064,.60242528,-.21201256,1.0311134,1
17,2003,.64070064,.58379775,-.21201256,1.0124859,1
18,2003,.64070064,.56637985,-.21201256,.99506795,.99506795
19,2003,.64070064,.61414611,-.21201256,1.0428342,1
20,2003,.64070064,.52070755,-.21201256,.94939566,.94939566
21,2003,.64070064,.63150889,-.21201256,1.060197,1
0,2004,.64070064,0,-.1482133,.49248734,.49248734
1,2004,.64070064,.37388834,-.1482133,.86637568,.86637568
2,2004,.64070064,.72646868,-.1482133,1.218956,1
3,2004,.64070064,.61070395,-.1482133,1.1031913,1
4,2004,.64070064,.58673352,-.1482133,1.0792209,1
5,2004,.64070064,.55403966,-.1482133,1.046527,1
6,2004,.64070064,.59103948,-.1482133,1.0835268,1
7,2004,.64070064,.59744465,-.1482133,1.089932,1
8,2004,.64070064,.56513602,-.1482133,1.0576234,1
9,2004,.64070064,.61914712,-.1482133,1.1116345,1
10,2004,.64070064,.51983696,-.1482133,1.0123243,1
11,2004,.64070064,.64320952,-.1482133,1.1356969,1
12,2004,.64070064,.59495008,-.1482133,1.0874374,1
13,2004,.64070064,.58372527,-.1482133,1.0762126,1
14,2004,.64070064,.58822393,-.1482133,1.0807112,1
15,2004,.64070064,.56357592,-.1482133,1.0560633,1
16,2004,.64070064,.60242528,-.1482133,1.0949126,1
17,2004,.64070064,.58379775,-.1482133,1.0762851,1
18,2004,.64070064,.56637985,-.1482133,1.0588672,1
19,2004,.64070064,.61414611,-.1482133,1.1066334,1
20,2004,.64070064,.52070755,-.1482133,1.0131949,1
0,2005,.64070064,0,-.23414274,.40655792,.40655792
1,2005,.64070064,.37388834,-.23414274,.78044623,.78044623
2,2005,.64070064,.72646868,-.23414274,1.1330266,1
3,2005,.64070064,.61070395,-.23414274,1.0172619,1
4,2005,.64070064,.58673352,-.23414274,.99329144,.99329144
5,2005,.64070064,.55403966,-.23414274,.96059757,.96059757
6,2005,.64070064,.59103948,-.23414274,.9975974,.9975974
7,2005,.64070064,.59744465,-.23414274,1.0040026,1
8,2005,.64070064,.56513602,-.23414274,.97169393,.97169393
9,2005,.64070064,.61914712,-.23414274,1.025705,1
10,2005,.64070064,.51983696,-.23414274,.92639488,.92639488
11,2005,.64070064,.64320952,-.23414274,1.0497674,1
12,2005,.64070064,.59495008,-.23414274,1.001508,1
13,2005,.64070064,.58372527,-.23414274,.99028319,.99028319
14,2005,.64070064,.58822393,-.23414274,.99478185,.99478185
15,2005,.64070064,.56357592,-.23414274,.97013384,.97013384
16,2005,.64070064,.60242528,-.23414274,1.0089831,1
17,2005,.64070064,.58379775,-.23414274,.99035567,.99035567
18,2005,.64070064,.56637985,-.23414274,.97293776,.97293776
19,2005,.64070064,.61414611,-.23414274,1.020704,1
0,2006,.64070064,0,-.2396425,.40105814,.40105814
1,2006,.64070064,.37388834,-.2396425,.77494645,.77494645
2,2006,.64070064,.72646868,-.2396425,1.1275268,1
3,2006,.64070064,.61070395,-.2396425,1.0117621,1
4,2006,.64070064,.58673352,-.2396425,.98779166,.98779166
5,2006,.64070064,.55403966,-.2396425,.95509779,.95509779
6,2006,.64070064,.59103948,-.2396425,.99209762,.99209762
7,2006,.64070064,.59744465,-.2396425,.99850279,.99850279
8,2006,.64070064,.56513602,-.2396425,.96619415,.96619415
9,2006,.64070064,.61914712,-.2396425,1.0202053,1
10,2006,.64070064,.51983696,-.2396425,.9208951,.9208951
11,2006,.64070064,.64320952,-.2396425,1.0442677,1
12,2006,.64070064,.59495008,-.2396425,.99600822,.99600822
13,2006,.64070064,.58372527,-.2396425,.98478341,.98478341
14,2006,.64070064,.58822393,-.2396425,.98928207,.98928207
15,2006,.64070064,.56357592,-.2396425,.96463406,.96463406
16,2006,.64070064,.60242528,-.2396425,1.0034834,1
17,2006,.64070064,.58379775,-.2396425,.98485589,.98485589
18,2006,.64070064,.56637985,-.2396425,.96743798,.96743798
0,2007,.64070064,0,-.21106812,.42963251,.42963251
1,2007,.64070064,.37388834,-.21106812,.80352086,.80352086
2,2007,.64070064,.72646868,-.21106812,1.1561012,1
3,2007,.64070064,.61070395,-.21106812,1.0403365,1
4,2007,.64070064,.58673352,-.21106812,1.016366,1
5,2007,.64070064,.55403966,-.21106812,.98367214,.98367214
6,2007,.64070064,.59103948,-.21106812,1.020672,1
7,2007,.64070064,.59744465,-.21106812,1.0270772,1
8,2007,.64070064,.56513602,-.21106812,.9947685,.9947685
9,2007,.64070064,.61914712,-.21106812,1.0487796,1
10,2007,.64070064,.51983696,-.21106812,.94946945,.94946945
11,2007,.64070064,.64320952,-.21106812,1.072842,1
12,2007,.64070064,.59495008,-.21106812,1.0245826,1
13,2007,.64070064,.58372527,-.21106812,1.0133578,1
14,2007,.64070064,.58822393,-.21106812,1.0178565,1
15,2007,.64070064,.56357592,-.21106812,.99320841,.99320841
16,2007,.64070064,.60242528,-.21106812,1.0320578,1
17,2007,.64070064,.58379775,-.21106812,1.0134302,1
0,2008,.64070064,0,-.22309691,.41760373,.41760373
1,2008,.64070064,.37388834,-.22309691,.7914921,.7914921
2,2008,.64070064,.72646868,-.22309691,1.1440724,1
3,2008,.64070064,.61070395,-.22309691,1.0283077,1
4,2008,.64070064,.58673352,-.22309691,1.0043373,1
5,2008,.64070064,.55403966,-.22309691,.97164339,.97164339
6,2008,.64070064,.59103948,-.22309691,1.0086432,1
7,2008,.64070064,.59744465,-.22309691,1.0150484,1
8,2008,.64070064,.56513602,-.22309691,.98273975,.98273975
9,2008,.64070064,.61914712,-.22309691,1.0367508,1
10,2008,.64070064,.51983696,-.22309691,.93744069,.93744069
11,2008,.64070064,.64320952,-.22309691,1.0608132,1
12,2008,.64070064,.59495008,-.22309691,1.0125538,1
13,2008,.64070064,.58372527,-.22309691,1.0013289,1
14,2008,.64070064,.58822393,-.22309691,1.0058277,1
15,2008,.64070064,.56357592,-.22309691,.98117965,.98117965
16,2008,.64070064,.60242528,-.22309691,1.0200291,1
0,2009,.64070064,0,-.16751425,.47318637,.47318637
1,2009,.64070064,.37388834,-.16751425,.84707475,.84707475
2,2009,.64070064,.72646868,-.16751425,1.1996551,1
3,2009,.64070064,.61070395,-.16751425,1.0838903,1
4,2009,.64070064,.58673352,-.16751425,1.05992,1
5,2009,.64070064,.55403966,-.16751425,1.0272261,1
6,2009,.64070064,.59103948,-.16751425,1.0642259,1
7,2009,.64070064,.59744465,-.16751425,1.070631,1
8,2009,.64070064,.56513602,-.16751425,1.0383224,1
9,2009,.64070064,.61914712,-.16751425,1.0923336,1
10,2009,.64070064,.51983696,-.16751425,.99302334,.99302334
11,2009,.64070064,.64320952,-.16751425,1.116396,1
12,2009,.64070064,.59495008,-.16751425,1.0681365,1
13,2009,.64070064,.58372527,-.16751425,1.0569117,1
14,2009,.64070064,.58822393,-.16751425,1.0614103,1
15,2009,.64070064,.56357592,-.16751425,1.0367624,1
0,2010,.64070064,0,-.23775354,.4029471,.4029471
1,2010,.64070064,.37388834,-.23775354,.77683544,.77683544
2,2010,.64070064,.72646868,-.23775354,1.1294158,1
3,2010,.64070064,.61070395,-.23775354,1.013651,1
4,2010,.64070064,.58673352,-.23775354,.98968065,.98968065
5,2010,.64070064,.55403966,-.23775354,.95698678,.95698678
6,2010,.64070064,.59103948,-.23775354,.99398661,.99398661
7,2010,.64070064,.59744465,-.23775354,1.0003917,1
8,2010,.64070064,.56513602,-.23775354,.96808314,.96808314
9,2010,.64070064,.61914712,-.23775354,1.0220942,1
10,2010,.64070064,.51983696,-.23775354,.92278409,.92278409
11,2010,.64070064,.64320952,-.23775354,1.0461566,1
12,2010,.64070064,.59495008,-.23775354,.99789715,.99789715
13,2010,.64070064,.58372527,-.23775354,.9866724,.9866724
14,2010,.64070064,.58822393,-.23775354,.991171,.991171
0,2011,.64070064,0,-.12638952,.51431113,.51431113
1,2011,.64070064,.37388834,-.12638952,.88819945,.88819945
2,2011,.64070064,.72646868,-.12638952,1.2407798,1
3,2011,.64070064,.61070395,-.12638952,1.125015,1
4,2011,.64070064,.58673352,-.12638952,1.1010447,1
5,2011,.64070064,.55403966,-.12638952,1.0683508,1
6,2011,.64070064,.59103948,-.12638952,1.1053506,1
7,2011,.64070064,.59744465,-.12638952,1.1117557,1
8,2011,.64070064,.56513602,-.12638952,1.0794472,1
9,2011,.64070064,.61914712,-.12638952,1.1334583,1
10,2011,.64070064,.51983696,-.12638952,1.0341481,1
11,2011,.64070064,.64320952,-.12638952,1.1575207,1
12,2011,.64070064,.59495008,-.12638952,1.1092612,1
13,2011,.64070064,.58372527,-.12638952,1.0980364,1
0,2012,.64070064,0,-.15014131,.49055934,.49055934
1,2012,.64070064,.37388834,-.15014131,.86444765,.86444765
2,2012,.64070064,.72646868,-.15014131,1.217028,1
3,2012,.64070064,.61070395,-.15014131,1.1012633,1
4,2012,.64070064,.58673352,-.15014131,1.0772928,1
5,2012,.64070064,.55403966,-.15014131,1.0445989,1
6,2012,.64070064,.59103948,-.15014131,1.0815988,1
7,2012,.64070064,.59744465,-.15014131,1.088004,1
8,2012,.64070064,.56513602,-.15014131,1.0556953,1
9,2012,.64070064,.61914712,-.15014131,1.1097064,1
10,2012,.64070064,.51983696,-.15014131,1.0103962,1
11,2012,.64070064,.64320952,-.15014131,1.1337688,1
12,2012,.64070064,.59495008,-.15014131,1.0855094,1
0,2013,.64070064,0,-.20772095,.4329797,.4329797
1,2013,.64070064,.37388834,-.20772095,.80686802,.80686802
2,2013,.64070064,.72646868,-.20772095,1.1594484,1
3,2013,.64070064,.61070395,-.20772095,1.0436836,1
4,2013,.64070064,.58673352,-.20772095,1.0197132,1
5,2013,.64070064,.55403966,-.20772095,.98701936,.98701936
6,2013,.64070064,.59103948,-.20772095,1.0240191,1
7,2013,.64070064,.59744465,-.20772095,1.0304244,1
8,2013,.64070064,.56513602,-.20772095,.99811572,.99811572
9,2013,.64070064,.61914712,-.20772095,1.0521268,1
10,2013,.64070064,.51983696,-.20772095,.95281667,.95281667
11,2013,.64070064,.64320952,-.20772095,1.0761892,1
0,2014,.64070064,0,-.091921449,.54877919,.54877919
1,2014,.64070064,.37388834,-.091921449,.9226675,.9226675
2,2014,.64070064,.72646868,-.091921449,1.2752478,1
3,2014,.64070064,.61070395,-.091921449,1.1594832,1
4,2014,.64070064,.58673352,-.091921449,1.1355127,1
5,2014,.64070064,.55403966,-.091921449,1.1028188,1
6,2014,.64070064,.59103948,-.091921449,1.1398187,1
7,2014,.64070064,.59744465,-.091921449,1.1462238,1
8,2014,.64070064,.56513602,-.091921449,1.1139152,1
9,2014,.64070064,.61914712,-.091921449,1.1679263,1
10,2014,.64070064,.51983696,-.091921449,1.0686162,1
0,2015,.64070064,0,-.2372462,.40345442,.40345442
1,2015,.64070064,.37388834,-.2372462,.7773428,.7773428
2,2015,.64070064,.72646868,-.2372462,1.1299231,1
3,2015,.64070064,.61070395,-.2372462,1.0141584,1
4,2015,.64070064,.58673352,-.2372462,.99018794,.99018794
5,2015,.64070064,.55403966,-.2372462,.95749408,.95749408
6,2015,.64070064,.59103948,-.2372462,.9944939,.9944939
7,2015,.64070064,.59744465,-.2372462,1.0008991,1
8,2015,.64070064,.56513602,-.2372462,.96859044,.96859044
9,2015,.64070064,.61914712,-.2372462,1.0226016,1
0,2016,.64070064,0,-.25373799,.38696265,.38696265
1,2016,.64070064,.37388834,-.25373799,.76085103,.76085103
2,2016,.64070064,.72646868,-.25373799,1.1134313,1
3,2016,.64070064,.61070395,-.25373799,.9976666,.9976666
4,2016,.64070064,.58673352,-.25373799,.97369617,.97369617
5,2016,.64070064,.55403966,-.25373799,.94100231,.94100231
6,2016,.64070064,.59103948,-.25373799,.97800213,.97800213
7,2016,.64070064,.59744465,-.25373799,.98440731,.98440731
8,2016,.64070064,.56513602,-.25373799,.95209867,.95209867
0,2017,.64070064,0,-.14635672,.49434394,.49434394
1,2017,.64070064,.37388834,-.14635672,.86823225,.86823225
2,2017,.64070064,.72646868,-.14635672,1.2208126,1
3,2017,.64070064,.61070395,-.14635672,1.1050478,1
4,2017,.64070064,.58673352,-.14635672,1.0810775,1
5,2017,.64070064,.55403966,-.14635672,1.0483836,1
6,2017,.64070064,.59103948,-.14635672,1.0853834,1
7,2017,.64070064,.59744465,-.14635672,1.0917885,1
0,2018,.64070064,0,-.21129864,.42940199,.42940199
1,2018,.64070064,.37388834,-.21129864,.80329037,.80329037
2,2018,.64070064,.72646868,-.21129864,1.1558707,1
3,2018,.64070064,.61070395,-.21129864,1.0401059,1
4,2018,.64070064,.58673352,-.21129864,1.0161355,1
5,2018,.64070064,.55403966,-.21129864,.98344165,.98344165
6,2018,.64070064,.59103948,-.21129864,1.0204415,1
0,2019,.64070064,0,-.32870901,.31199163,.31199163
1,2019,.64070064,.37388834,-.32870901,.68587995,.68587995
2,2019,.64070064,.72646868,-.32870901,1.0384603,1
3,2019,.64070064,.61070395,-.32870901,.92269558,.92269558
4,2019,.64070064,.58673352,-.32870901,.89872515,.89872515
5,2019,.64070064,.55403966,-.32870901,.86603129,.86603129
0,2020,.64070064,0,.24850388,.8892045,.8892045
1,2020,.64070064,.37388834,.24850388,1.2630929,1
2,2020,.64070064,.72646868,.24850388,1.6156732,1
3,2020,.64070064,.61070395,.24850388,1.4999084,1
4,2020,.64070064,.58673352,.24850388,1.4759381,1
0,2021,.64070064,0,-.28703707,.35366356,.35366356
1,2021,.64070064,.37388834,-.28703707,.72755194,.72755194
2,2021,.64070064,.72646868,-.28703707,1.0801322,1
3,2021,.64070064,.61070395,-.28703707,.96436751,.96436751
0,2022,.64070064,0,-.29939997,.34130067,.34130067
1,2022,.64070064,.37388834,-.29939997,.71518898,.71518898
2,2022,.64070064,.72646868,-.29939997,1.0677693,1
0,2023,.64070064,0,-.29939997,.34130067,.34130067
1,2023,.64070064,.37388834,-.29939997,.71518898,.71518898
0,2024,.64070064,0,-.29939997,.34130067,.34130067
